group,family,genus,species
Coleoptera,Haliplidae,Haliplus,Haliplus
Chironomidae,Chironomini,Microtendipes,Microtendipes
Gastropoda,Hydrobiidae,Potamopyrgus,Potamopyrgus antipodarum
Isopoda,Asellidae,Asellus,Asellus aquaticus
Hirudinea,Erpobdellidae,Erpobdella,Erpobdella octoculata
Gastropoda,Lymnaeidae,Radix,Radix balthica
Amphipoda,Gammaridae,Gammarus,Gammarus lacustris
Amphipoda,Gammaridae,Gammarus,Gammarus pulex
Hirudinea,Glossiphoniidae,Glossiphonia,Glossiphonia complanata
Oligochaeta,Tubificidae,Tubificidae,Naididae
Oligochaeta,Tubificidae,Tubificidae,Tubificidae
Hirudinea,Glossiphoniidae,Hemiclipsis,Hemiclipsis marginata
Ostracoda,Ostracoda,Ostracoda,Ostracoda
Coleoptera,Elmidae,Elmis,Elmis aenea
Megaloptera,Sialidae,Sialis,Sialis lutaria
Trichoptera,Leptoceridae,Athripsodes,Athripsodes aterrimus
Trichoptera,Limnephilini,Limnephilus,Limnephilus rhombicus
Diptera,Ceratopogonidae,Ceratopogonidae,Ceratopogonidae
Chironomidae,Tanypodinae,Procladius,Procladius
Gastropoda,Bithyniidae,Bithynia,Bithynia tentaculata
Gastropoda,Physidae,Physa,Physa fontinalis
Bivalvia,Sphaeriidae,Pisidium,Pisidium
Bivalvia,Sphaeriidae,Sphaerium,Sphaerium corneum
Oligochaeta,Lumbriculidae,Lumbriculus,Lumbriculus variegatus
Chironomidae,Tanypodinae,Apsectrotanypus,Apsectrotanypus trifascipennis
Chironomidae,Tanypodinae,Macropelopia,Macropelopia
Chironomidae,Tanytarsini,Micropsectra,Micropsectra
Heteroptera,Corixidae,Sigara,Sigara
Trichoptera,Limnephilini,Limnephilus,Limnephilus extricatus
Coleoptera,Dytiscidae,Dytiscidae,Colymbetinae
Diptera,Tipulidae,Tipula,Tipula
Gastropoda,Lymnaeidae,Lymnaea,Lymnaea stagnalis
Gastropoda,Planorbidae,Planorbarius,Planorbarius corneus
Hirudinea,Glossiphoniidae,Helobdella,Helobdella stagnalis
Hydracarina,Hydracarina,Hydracarina,Hydracarina
Chironomidae,Chironomini,Polypedilum,Polypedilum
Trichoptera,Limnephilidae,Limnephilidae,Limnephilidae
Trichoptera,Limnephilini,Limnephilus,Limnephilus lunatus
Chironomidae,Orthocladiinae,Orthocladius,Orthocladius
Trichoptera,Stenophylachini,Chaetopteryx,Chaetopteryx villosa
Coleoptera,Hydroporinae,Nebrioporus,Nebrioporus depressus
Tricladida,Tricladida,Dugesia,Dugesia
Tricladida,Tricladida,Polycelis,Polycelis
Trichoptera,Limnephilini,Anabolia,Anabolia furcata
Oligochaeta,Tubificidae,Stylaria,Stylaria lacustris
Chironomidae,Chironomini,Dicrotendipes,Dicrotendipes
Ephemeroptera,Baetidae,Cloeon,Cloeon dipterum
Heteroptera,Corixidae,Hesperocorixa,Hesperocorixa sahlbergi
Chironomidae,Chironomini,Chironomus,Chironomus riparius
Heteroptera,Corixidae,Corixa,Corixa punctata
Oligochaeta,Lumbricidae,Eiseniella,Eiseniella tetraedra
Chironomidae,Orthocladiinae,Rheocricotopus,Rheocricotopus fuscipes
Chironomidae,Tanypodinae,Conchapelopia,Conchapelopia
Chironomidae,Diamesinae,Prodiamesa,Prodiamesa olivacea
Chironomidae,Orthocladiinae,Orthocladiinae,Orthocladiinae
Chironomidae,Chironomini,Chironomini,Chironomini
Nematoda,Nematoda,Nematoda,Nematoda
Heteroptera,Corixidae,Sigara,Sigara falleni
Diptera,Psychodidae,Psychoda,Psychoda
Gastropoda,Lymnaeidae,Stagnicola,Stagnicola palustris
Gastropoda,Planorbidae,Anisus,Anisus vortex
Gastropoda,Valvatidae,Valvata,Valvata macrostoma
Tricladida,Tricladida,Dendrocoelum,Dendrocoelum lacteum
Hirudinea,Erpobdellidae,Erpobdella,Erpobdella
Trichoptera,Stenophylachini,Halesus,Halesus radiatus
Diptera,Simuliidae,Simulium,Simulium erythrocephalum
Diptera,Simuliidae,Simulium,Simulium lundstromi
Diptera,Simuliidae,Odagmia,Simulium 
Trichoptera,Molannidae,Molanna,Molanna angustata
Gastropoda,Planorbidae,Planorbis,Planorbis planorbis
Heteroptera,Notonectidae,Notonecta,Notonecta glauca
Heteroptera,Corixidae,Sigara,Sigara striata
Diptera,Chaoboridae,Chaoborus,Chaoborus flavicans
Trichoptera,Limnephilini,Limnephilus,Limnephilus flavicornis
Chironomidae,Tanypodinae,Thienemannimyia,Thinemannimyia
Hirudinea,Glossiphoniidae,Theromyzon,Theromyzon tessulatum
Chironomidae,Tanytarsini,Cladotanytarsus,Cladotanytarsus
Heteroptera,Corixidae,Sigara,Sigara distincta
Gastropoda,Valvatidae,Valvata,Valvata cristata
Odonata,Coenagrionidae,Coenagrionidae,Coenagrionidae
Chironomidae,Chironomini,Paratendipes,Paratendipes
Gastropoda,Valvatidae,Valvata,Valvata piscinalis
Chironomidae,Tanytarsini,Tanytarsini,Tanytarsini
Trichoptera,Limnephilini,Glyphotaelius,Glyphotaelius pellucidus
Ephemeroptera,Baetidae,Cloeon,Cloeon inscriptum
Diptera,Limoniidae,Eloeophila,Eloeophila
Gastropoda,Planorbidae,Bathyomphalus,Bathyomphalus contortus
Oligochaeta,Lumbricidae,Lumbricidae,Lumbricidae
Chironomidae,Tanytarsini,Rheotanytarsus,Rheotanytarsus
Trichoptera,Goeridae,Goera,Goera pilosa
Chironomidae,Chironomini,Cryptochironomus,Cryptochironomus
Ephemeroptera,Baetidae,Baetis,Baetis
Plecoptera,Nemouridae,Nemoura,Nemoura cinerea
Heteroptera,Mesoveliidae,Velia,Velia caprai
Ephemeroptera,Baetidae,Baetis,Baetis rhodani
Diptera,Limoniidae,Pilaria,Pilaria
Hirudinea,Glossiphoniidae,Glossiphonia,Glossiphonia concolor
Tricladida,Tricladida,Phagocata,Phagocata vitta
Gastropoda,Planorbidae,Gyraulus,Gyraulus albus
Coleoptera,Hydroporinae,Hydroporus,Hydroporus
Diptera,Simuliidae,Simulium,Simulium vernum
Chironomidae,Tanypodinae,Anatopynia,Anatopynia plumipes
Diptera,Limoniidae,Pseudolimnophila,Pseudolimnophila
Diptera,Limoniidae,Dicranota,Dicranota
Chironomidae,Orthocladiinae,Tvetenia,Tvetenia verralli
Chironomidae,Orthocladiinae,Diplocladius,Diplocladius cultriger
Chironomidae,Orthocladiinae,Corynoneura,Corynoneura
Trichoptera,Leptoceridae,Athripsodes,Athripsodes cinereus
Ephemeroptera,Baetidae,Baetis,Baetis vernus
Oligochaeta,Lumbriculidae,Stylodrilus,Stylodrilus heringianus
Chironomidae,Tanypodinae,Tanypodinae,Tanypodinae
Diptera,Ceratopogonidae,Bezzia,Bezzia
Trichoptera,Limnephilini,Limnephilus,Limnephilus marmoratus
Bivalvia,Sphaeriidae,Sphaerium,Sphaerium
Diptera,Ceratopogonidae,Bezzia,Bezzia
Chironomidae,Chironomini,Polypedilum,Polypedilum nubeculosum
Heteroptera,Corixidae,Callicorixa,Callicorixa praeusta
Chironomidae,Tanypodinae,Clinotanypus,Clinotanypus nervosus
Diptera,Simuliidae,Simulium,Simulium angustipes
Trichoptera,Leptoceridae,Mystacides,Mystacides
Chironomidae,Orthocladiinae,Brillia,Brillia bifida
Coleoptera,Helodidae,Elodes,Elodes minuta
Trichoptera,Leptoceridae,Mystacides,Mystacides longicornis
Diptera,Chaoboridae,Chaoborus,Chaoborus crystallinus
Copepoda,Copepoda,Copepoda,Copepoda
Bivalvia,Sphaeriidae,Pisidium,Pisidium amnicum
Diptera,Ceratopogonidae,Culicoides,Culicoides
Chironomidae,Orthocladiinae,Brillia,Brillia
Chironomidae,Diamesinae,Prodiamesa,Prodiamesa
Diptera,Stratiomyiidae,Odontomyia,Odontomyia
Heteroptera,Pleidae,Plea,Plea leachi
Trichoptera,Limnephilini,Limnephilus,Limnephilus
Hirudinea,Erpobdellidae,Erpobdella,Erpobdella testacea
Hydrozoa,Hydridae,Hydra,Hydra
Chironomidae,Orthocladiinae,Thienemanniella,Thienemanniella
Chironomidae,Orthocladiinae,Chaetocladius,Chaetocladius
Coleoptera,Hydrophilidae,Hydrophilidae,Hydrophilidae
Gastropoda,Planorbidae,Planorbis,Planorbis carinatus
Chironomidae,Tanypodinae,Macropelopia,Macropelopia nebulosa
Amphipoda,Gammaridae,Gammarus,Gammarus
Diptera,Simuliidae,Simuliidae,Simuliidae
Heteroptera,Corixidae,Corixidae,Corixidae
Heteroptera,Notonectidae,Notonecta,Notonecta
Diptera,Tipulidae,Tipulidae,Tipulidae
Gastropoda,Planorbidae,Planorbidae,Planorbidae
Hirudinea,Glossiphoniidae,Glossiphonia,Glossiphonia
Hirudinea,Glossiphoniidae,Helobdella,Helobdella
Trichoptera,Polycentropodidae,Plectrocnemia,Plectrocnemia conspersa
Coleoptera,Dytiscidae,Agabus,Agabus paludosus
Trichoptera,Hydropsychidae,Hydropsyche,Hydropsyche siltalai
Diptera,Limoniidae,Limnophila,Limnophila
Diptera,Psychodidae,Pericoma,Pericoma
Trichoptera,Stenophylachini,Micropterna,Micropterna sequax
Chironomidae,Orthocladiinae,Eukiefferiella,Eukiefferiella
Diptera,Simuliidae,Eusimulium,Simulium 
Diptera,Simuliidae,Simulium,Simulium ornatum
Chironomidae,Diamesinae,Diamesa,Diamesa insignipes
Diptera,Diptera,Diptera,Nematocera
Coleoptera,Gyrinidae,Gyrinus,Gyrinus substriatus
Diptera,Tipulidae,Tipula,Tipula maxima
Coleoptera,Hydroporinae,Scarodytes,Scarodytes halensis
Coleoptera,Hydrophilinae,Hydrobius,Hydrobius fuscipes
Chironomidae,Chironomini,Paracladopelma,Paracladopelma nigritula
Coleoptera,Dytiscidae,Agabus,Agabus
Coleoptera,Gyrinidae,Gyrinus,Gyrinus
Trichoptera,Hydropsychidae,Hydropsyche,Hydropsyche angustipennis
Brachycera,Muscidae,Muscidae,Muscidae
Trichoptera,Psychomyidae,Tinodes,Tinodes pallidulus
Chironomidae,Chironomini,Polypedilum,Polypedilum scalaenum
Chironomidae,Orthocladiinae,Rheocricotopus,Rheocricotopus
Chironomidae,Chironomini,Polypedilum,Polypedilum laetum-agg.
Diptera,Ptychopteridae,Ptychoptera,Ptychoptera lacustris
Coleoptera,Hydrophilinae,Anacaena,Anacaena
Chironomidae,Tanypodinae,Zavrelimyia,Zavrelimyia barbatipes
Diptera,Simuliidae,Simulium,Simulium trifasciatum
Coleoptera,Helodidae,Elodes,Elodes minuta
Coleoptera,Hydrophilinae,Anacaena,Anacaena globulus
Diptera,Limoniidae,Neolimnomyia,Neolimnomyia
Diptera,Stratiomyiidae,Oxycera,Oxycera
Diptera,Simuliidae,Simulium,Simulium vernum
Trichoptera,Rhyacophilidae,Rhyacophila,Rhyacophila fasciata
Trichoptera,Stenophylachini,Micropterna,Micropterna
Gastropoda,Lymnaeidae,Lymnaea,Lymnaea
Oligochaeta,Oligochaeta,Oligochaeta,Oligochaeta
Trichoptera,Rhyacophilidae,Rhyacophila,Rhyacophila
Trichoptera,Hydropsychidae,Hydropsyche,Hydropsyche
Trichoptera,Polycentropodidae,Polycentropodidae,Polycentropodidae
Diptera,Limoniidae,Limoniidae,Limoniidae
Chironomidae,Chironomidae,Chironomidae,Chironomidae
Platyhelminthes,Turbellaria,Turbellaria,Turbellaria
Chironomidae,Orthocladiinae,Heterotrissocladius,Heterotrissocladius marcidus
Lepidoptera,Pyralidae,Cataclysta,Cataclysta lemnata
Chironomidae,Tanypodinae,Tanypodinae,Pentaneurini
Trichoptera,Limnephilini,Limnephilus,Limnephilus bipunctatus
Diptera,Limoniidae,Austrolimnophila,Austrolimnophila
Diptera,Ptychopteridae,Ptychoptera,Ptychoptera paludosa
Diptera,Empididae,Hemerodromia,Hemerodromia
Trichoptera,Goeridae,Silo,Silo nigricornis
Tricladida,Tricladida,Polycelis,Polycelis nigra
Trichoptera,Stenophylachini,Halesus,Halesus
Heteroptera,Gerridae,Gerris,Gerris
Chironomidae,Tanypodinae,Conchapelopia,Conchapelopia melanops
Chironomidae,Orthocladiinae,Orthocladius,Orthocladius thienemanni
Oligochaeta,Enchytraeidae,Enchytraeidae,Enchytraeidae
Chironomidae,Tanypodinae,Psectrotanypus,Psectrotanypus varius
Chironomidae,Chironomini,Endochironomus,Endochironomus
Coleoptera,Dytiscidae,Ilybius,Ilybius fuliginosus
Coleoptera,Dytiscidae,Dytiscidae,Dytiscidae
Coleoptera,Dytiscidae,Agabus,Agabus didymus
Coleoptera,Helophorinae,Helophorus,Helophorus
Coleoptera,Hydraenidae,Ochthebius,Ochthebius
Chironomidae,Orthocladiinae,Tvetenia,Tvetenia
Chironomidae,Diamesinae,Odontomesa,Odontomesa fulva
Coleoptera,Hydraenidae,Hydraena,Hydraena gracilis
Tricladida,Tricladida,Polycelis,Polycelis tenuis
Diptera,Limoniidae,Pedicia,Pedicia
Gastropoda,Planorbidae,Segmentina,Segmentina nitida
Plecoptera,Nemouridae,Nemoura,Nemoura
Diptera,Limoniidae,Limoniidae,Hexatominae
Diptera,Empididae,Wiedemannia,Wiedemannia
Oligochaeta,Lumbriculidae,Lumbriculidae,Lumbriculidae
Ephemeroptera,Leptophlebiidae,Leptophlebia,Leptophlebia
Heteroptera,Corixidae,Cymatia,Cymatia
Coleoptera,Noteridae,Noterus,Noterus
Tricladida,Tricladida,Dugesia,Dugesia lugubris
Arachnida,Arachnida,Arachnida,Arachnida
Tricladida,Tricladida,Planaria,Planaria torva
Diptera,Simuliidae,Simulium,Simulium
Odonata,Coenagrionidae,Coenagrion,Coenagrion
Heteroptera,Mesoveliidae,Velia,Velia
Gastropoda,Lymnaeidae,Stagnicola,Stagnicola glabra
Diptera,Empididae,Empididae,Empididae
Hirudinea,Hirudidae,Hirudo,Hirudo medicinalis
Chironomidae,Chironomini,Polypedilum,Polypedilum laetum
Heteroptera,Nepidae,Nepa,Nepa cinerea
Diptera,Ptychopteridae,Ptychoptera,Ptychoptera
Trichoptera,Psychomyidae,Lype,Lype reducta
Diptera,Tabanidae,Tabanidae,Tabanidae
Diptera,Stratiomyiidae,Stratiomys,Stratiomys
Hirudinea,Erpobdellidae,Dina,Dina lineata
Hirudinea,Hirudidae,Haemopis,Haemopis sanguisuga
Plecoptera,Nemouridae,Nemurella,Nemurella picteti
Diptera,Tabanidae,Tabanus,Tabanus
Diptera,Limoniidae,Pedicia,Pedicia rivosa
Chironomidae,Tanypodinae,Monopelopia,Monopelopia tenuicalcar
Diptera,Limoniidae,Molophilus,Molophilus
Diptera,Dixidae,Dixa,Dixa maculata
Diptera,Simuliidae,Simulium,Simulium angustitarse
Tricladida,Tricladida,Tricladida,Tricladida
Trichoptera,Beraeidae,Beraeodes,Beraeodes minutus
Heteroptera,Heteroptera,Heteroptera,Heteroptera
Hirudinea,Piscicolidae,Piscicola,Piscicola geometra
Heteroptera,Corixidae,Micronecta,Micronecta
Ephemeroptera,Caenidae,Caenis,Caenis
Trichoptera,Beraeidae,Beraeidae,Beraeidae
Coleoptera,Coleoptera,Coleoptera,Coleoptera
Gastropoda,Bithyniidae,Bithynia,Bithynia leachi
Megaloptera,Sialidae,Sialis,Sialis
Trichoptera,Leptoceridae,Leptoceridae,Leptoceridae
Trichoptera,Sericostomatidae,Notidobia,Notidobia ciliaris
Trichoptera,Psychomyidae,Psychomyidae,Psychomyidae
Porifera,Spongillidae,Spongilla,Spongilla
Brachycera,Muscidae,Limnophora,Limnophora 
Megaloptera,Sisyridae,Sisyra,Sisyra
Hydracarina,Unionicolidae,Unionicola,Unionicola crassipes
Odonata,Coenagrionidae,Ischnura,Ischnura
Diptera,Limoniidae,Hexatoma,Hexatoma
Diptera,Culicidae,Anopheles,Anopheles
Coleoptera,Hydraenidae,Hydraena,Hydraena
Copepoda,Cyclopoidae,Cyclops,Cyclops
Porifera,Spongillidae,Ephydatia,Ephydatia
Bivalvia,Unionidae,Anodonta,Anodonta cygnaea
Odonata,Odonata,Odonata,Odonata
Trichoptera,Molannidae,Molanna,Molanna
Trichoptera,Polycentropodidae,Holocentropus,Holocentropus
Trichoptera,Polycentropodidae,Cyrnus,Cyrnus trimaculatus
Gastropoda,Acroloxidae,Acroloxus,Acroloxus lacustris
Ephemeroptera,Caenidae,Caenis,Caenis horaria
Hirudinea,Glossiphoniidae,Glossiphonia,Glossiphonia heteroclita
Chironomidae,Chironomini,Chironomus,Chironomus
Ephemeroptera,Baetidae,Cloeon,Cloeon
Chironomidae,Orthocladiinae,Cricotopus,Cricotopus
Chironomidae,Chironomini,Glyptotendipes,Glyptotendipes
Trichoptera,Polycentropodidae,Cyrnus,Cyrnus
Chironomidae,Tanypodinae,Ablabesmyia,Ablabesmyia
Ostracoda,Ostracoda,Ostracoda,Ostracoda
Nematomorpha,Nematomorpha,Nematomorpha,Nematomorpha
Diptera,Stratiomyiidae,Oxycera,Oxycera trilineata
Lepidoptera,Lepidoptera,Lepidoptera,Lepidoptera
Bivalvia,Dreissenidae,Dreissena,Dreissena polymorpha
Ephemeroptera,Caenidae,Caenis,Caenis robusta
Trichoptera,Leptoceridae,Ceraclea,Ceraclea senilis
Trichoptera,Polycentropodidae,Cyrnus,Cyrnus flavidus
Trichoptera,Polycentropodidae,Holocentropus,Holocentropus picicornis
Chironomidae,Chironomini,Endochironomus,Endochironomus albipennis
Chironomidae,Tanytarsini,Tanytarsus,Tanytarsus
Diptera,Diptera,Diptera,Brachycera
Odonata,Aeshnidae,Aeshna,Aeshna mixta
Trichoptera,Leptoceridae,Ceraclea,Ceraclea
Diptera,Limoniidae,Ormosia,Ormosia
Gastropoda,Planorbidae,Hippeutis,Hippeutis complanatus
Odonata,Odonata,Zygoptera,Zygoptera
Ephemeroptera,Baetidae,Baetidae,Baetidae
Gastropoda,Bithyniidae,Bithynia,Bithynia
Trichoptera,Hydropsychidae,Hydropsychidae,Hydropsychidae
Lepidoptera,Pyralidae,Parapoynx,Parapoynx stratiotata
Odonata,Coenagrionidae,Erythromma,Erythromma najas
Ephemeroptera,Caenidae,Caenis,Caenis luctuosa
Trichoptera,Phryganeidae,Phryganea,Phryganea grandis
Chironomidae,Diamesinae,Potthastia,Potthastia longimana
Coleoptera,Helophorinae,Helophorus,Helophorus aequalis
Chironomidae,Chironomini,Demicryptochironomus,Demicryptochironomus vulneratus
Diptera,Dolichopodidae,Dolichopodidae,Dolichopodidae
Oligochaeta,Tubificidae,Uncinais,Uncinais uncinata
Brachycera,Brachycera,Brachycera,Cyclorrhapha
Chironomidae,Orthocladiinae,Nanocladius,Nanocladius
Trichoptera,Stenophylachini,Potamophylax,Potamophylax latipennis
Gastropoda,Planorbidae,Gyraulus,Gyraulus laevis
Trichoptera,Stenophylachini,Potamophylax,Potamophylax
Odonata,Calopterygidae,Calopteryx,Calopteryx splendens
Trichoptera,Hydroptilidae,Hydroptila,Hydroptila sparsa
Brachycera,Muscidae,Limnophora,Limnophora riparia
Trichoptera,Leptoceridae,Athripsodes,Athripsodes
Trichoptera,Lepidostomatidae,Lepidostoma,Lepidostoma hirtum
Platyhelminthes,Turbellaria,Turbellaria,Rhabdocoela
Porifera,Porifera,Porifera,Porifera
Plecoptera,Taeniopterygidae,Brachyptera,Brachyptera risi
Coleoptera,Laccophilinae,Laccophilus,Laccophilus hyalinus
Trichoptera,Polycentropodidae,Polycentropus,Polycentropus flavomaculatus
Oligochaeta,Tubificidae,Limnodrilus,Limnodrilus
Trichoptera,Psychomyidae,Lype,Lype phaeopa
Ephemeroptera,Baetidae,Centroptilum,Centroptilum luteolum
Diptera,Limoniidae,Gnophomyia,Gnophomyia lugubris
Trichoptera,Limnephilini,Limnephilus,Limnephilus fuscicornis
Trichoptera,Goeridae,Goeridae,Goeridae
Diptera,Culicidae,Aedes,Aedes
Chironomidae,Orthocladiinae,Parametriocnemus,Parametriocnemus stylatus
Coleoptera,Elmidae,Oulimnius,Oulimnius tuberculatus
Trichoptera,Limnephilini,Limnephilus,Limnephilus affinis
Odonata,Calopterygidae,Calopteryx,Calopteryx
Coleoptera,Elmidae,Limnius,Limnius volckmari
Chironomidae,Orthocladiinae,Synorthocladius,Synorthocladius semivirens
Coleoptera,Elmidae,Oulimnius,Oulimnius
Heteroptera,Corixidae,Paracorixa,Paracorixa concinna
Diptera,Culicidae,Culex,Culex
Diptera,Simuliidae,Simulium,Simulium noelleri
Trichoptera,Polycentropodidae,Neureclipsis,Neureclipsis bimaculata
Decapoda,Astacidae,Astacus,Astacus astacus
Trichoptera,Hydroptilidae,Hydroptila,Hydroptila
Lepidoptera,Pyralidae,Elophila,Elophila nymphaeata
Trichoptera,Limnephilidae,Ironoquia,Ironoquia dubia
Trichoptera,Limnephilini,Grammotaulius,Grammotaulius nigropunctatus
Coleoptera,Hydrophilinae,Anacaena,Anacaena limbata
Coleoptera,Hydrophilinae,Anacaena,Anacaena lutescens
Trichoptera,Stenophylachini,Micropterna,Micropterna lateralis
Coleoptera,Laccophilinae,Laccophilinae,Laccophilinae
Diptera,Limoniidae,Tricyphona,Tricyphona
Trichoptera,Limnephilini,Limnephilus,Limnephilus ignavus
Gastropoda,Lymnaeidae,Galba,Galba truncatula
Trichoptera,Limnephilini,Limnephilus,Limnephilus auricula
Coleoptera,Hydraenidae,Limnebius,Limnebius
Chironomidae,Chironomini,Chironomus,Chironomus plumosus
Diptera,Ptychopteridae,Ptychoptera,Ptychoptera contaminata
Coleoptera,Laccophilinae,Laccophilus,Laccophilus
Coleoptera,Haliplidae,Haliplus,Haliplus lineatocollis
Diptera,Limoniidae,Ula,Ula sylvatica
Brachycera,Sciomyzidae,Sciomyzidae,Sciomyzidae
Chironomidae,Diamesinae,Diamesa,Diamesa
Heteroptera,Gerridae,Gerris,Gerris lacustris
Coleoptera,Hydroporinae,Hydroporinae,Hydroporinae
Diptera,Stratiomyiidae,Stratiomyiidae,Stratiomyidae
Diptera,Empididae,Chelifera,Chelifera
Gastropoda,Succineidae,Succinea,Succinea
Coleoptera,Helodidae,Elodes,Elodes
Coleoptera,Hydroporinae,Hygrotus,Hygrotus inaequalis
Heteroptera,Corixidae,Sigara,Sigara fossarum
Odonata,Libellulidae,Libellula,Libellula
Coleoptera,Hydroporinae,Deronectes,Deronectes latus
Trichoptera,Phryganeidae,Phryganeidae,Phryganeidae
Coleoptera,Helodidae,Helodidae,Helodidae
Coleoptera,Haliplidae,Haliplus,Haliplus ruficollis
Chironomidae,Chironomini,Einfeldia,Einfeldia
Odonata,Aeshnidae,Aeshna,Aeshna cyanea
Coleoptera,Dytiscidae,Rhantus,Rhantus frontalis
Trichoptera,Molannidae,Molannidae,Molannidae
Gastropoda,Viviparidae,Viviparus,Viviparus
Chironomidae,Orthocladiinae,Tvetenia,Tvetenia discoloripes
Chironomidae,Orthocladiinae,Orthocladius,Orthocladius 
Coleoptera,Dytiscinae,Dytiscus,Dytiscus
Oligochaeta,Tubificidae,Nais,Nais elinguis
Diptera,Empididae,Clinocera,Clinocera
Diptera,Simuliidae,Simulium,Simulium cryophilum
Coleoptera,Hydroporinae,Hydroporus,Hydroporus palustris
Diptera,Stratiomyiidae,Nemotelus,Nemotelus
Coleoptera,Helodidae,Cyphon,Cyphon
Ephemeroptera,Baetidae,Procloeon,Procloeon bifidum
Trichoptera,Sericostomatidae,Sericostomatidae,Sericostomatidae
Coleoptera,Hydroporinae,Hyphydrus,Hyphydrus ovatus
Oligochaeta,Lumbriculidae,Rhynchelmis,Rhynchelmis limosella
Trichoptera,Psychomyidae,Tinodes,Tinodes waeneri
Coleoptera,Dytiscidae,Colymbetes,Colymbetes fuscus
Gastropoda,Gastropoda,Gastropoda,Gastropoda
Gastropoda,Physidae,Physella,Physella acuta
Chironomidae,Orthocladiinae,Orthocladius,Orthocladius frigidus
Chironomidae,Chironomini,Endochironomus,Endochironomus dispar
Chironomidae,Tanytarsini,Paratanytarsus,Paratanytarsus
Amphipoda,Gammaridae,Gammarus,Gammarus duebeni
Tricladida,Tricladida,Dugesia,Dugesia gonocephala
Amphipoda,Gammaridae,Gammarus,Gammarus zaddachi
Coleoptera,Curculionidae,Tanysphyrus,Tanysphyrus lemnae
Diptera,Limoniidae,Pilaria,Pilaria discicollis
Diptera,Psychodidae,Psychodidae,Psychodidae
Coleoptera,Hydroporinae,Hydroporus,Hydroporus incognitus
Diptera,Stratiomyiidae,Stratiomys,Stratiomys longicornis
Chironomidae,Chironomidae,Chironomidae,Chironominae
Coleoptera,Hydrophilinae,Laccobius,Laccobius
Diptera,Simuliidae,Simulium,Simulium equinum
Coleoptera,Gyrinidae,Orectochilus,Orectochilus villosus
Trichoptera,Hydropsychidae,Hydropsyche,Hydropsyche pellucidula
Gastropoda,Ancylidae,Ancylus,Ancylus fluviatilis
Gastropoda,Neritidae,Theodoxus,Theodoxus fluviatilis
Chironomidae,Orthocladiinae,Orthocladius,Orthocladius rivulorum
Ephemeroptera,Ephemeridae,Ephemera,Ephemera vulgata
Trichoptera,Polycentropodidae,Polycentropus,Polycentropus irroratus
Trichoptera,Leptoceridae,Athripsodes,Athripsodes albifrons
Diptera,Simuliidae,Simulium,Simulium posticatum
Coleoptera,Hydraenidae,Hydraena,Hydraena riparia
Coleoptera,Hydraenidae,Hydraena,Hydraena nigrita
Coleoptera,Hydraenidae,Hydraena,Hydraena britteni
Trichoptera,Polycentropodidae,Polycentropus,Polycentropus
Coleoptera,Gyrinidae,Gyrinidae,Gyrinidae
Oligochaeta,Tubificidae,Slavina,Slavina appendiculata
Coleoptera,Dytiscidae,Platambus,Platambus maculatus
Diptera,Limoniidae,Limoniidae,Hexatomini
Coleoptera,Chrysomelidae,Donacia,Donacia
Chironomidae,Diamesinae,Diamesinae,Diamesinae
Tanaidacea,Tanaidacea,Tanaidacea,Tanaidacea
Trichoptera,Stenophylachini,Potamophylax,Potamophylax rotundipennis
Coleoptera,Gyrinidae,Gyrinus,Gyrinus caspius
Chironomidae,Chironomini,Endochironomus,Endochironomus tendens
Trichoptera,Stenophylachini,Potamophylax,Potamophylax cingulatus
Trichoptera,Sericostomatidae,Sericostoma,Sericostoma personatum
Gastropoda,Planorbidae,Anisus,Anisus leucostomus
Trichoptera,Leptoceridae,Leptocerus,Leptocerus tineiformis
Ephemeroptera,Ephemeridae,Ephemera,Ephemera danica
Chironomidae,Chironomini,Paracladopelma,Paracladopelma
Diptera,Culicidae,Culiseta,Culiseta
Oligochaeta,Tubificidae,Chaetogaster,Chaetogaster
Diptera,Psychodidae,Berdeniella,Berdeniella freyi
Ephemeroptera,Ephemerellidae,Serratella,Serratella ignita
Trichoptera,Leptoceridae,Mystacides,Mystacides azurea
Trichoptera,Psychomyidae,Lype,Lype
Trichoptera,Brachycentridae,Brachycentridae,Brachycentridae
Brachycera,Ephydridae,Ephydridae,Ephydridae
Trichoptera,Lepidostomatidae,Lepidostomatidae,Lepidostomatidae
Gastropoda,Planorbidae,Gyraulus,Gyraulus crista
Heteroptera,Gerridae,Gerris,Gerris odontogaster
Diptera,Limoniidae,Erioptera,Erioptera
Chironomidae,Orthocladiinae,Metriocnemus,Metriocnemus
Coleoptera,Dytiscinae,Acilius,Acilius canaliculatus
Diptera,Limoniidae,Scleroprocta,Scleroprocta
Diptera,Psychodidae,Berdeniella,Berdeniella
Gastropoda,Hydrobiidae,Hydrobia,Hydrobia
Trichoptera,Glossosomatidae,Agapetus,Agapetus fuscipes
Trichoptera,Goeridae,Silo,Silo pallipes
Trichoptera,Psychomyidae,Tinodes,Tinodes
Diptera,Limoniidae,Limoniidae,Eriopterini
Trichoptera,Leptoceridae,Ceraclea,Ceraclea annulicornis
Trichoptera,Leptoceridae,Ceraclea,Ceraclea nigronervosa
Heteroptera,Corixidae,Sigara,Sigara lateralis
Bivalvia,Unionidae,Unio,Unio pictorum
Trichoptera,Phryganeidae,Agrypnia,Agrypnia obsoleta
Bivalvia,Unionidae,Unio,Unio tumidus
Trichoptera,Limnephilini,Limnephilus,Limnephilus binotatus
Odonata,Calopterygidae,Calopteryx,Calopteryx virgo
Odonata,Coenagrionidae,Pyrrhosoma,Pyrrhosoma nymphula
Coleoptera,Hydroporinae,Hygrotus,Hygrotus
Plecoptera,Perlodidae,Isoperla,Isoperla grammatica
Coleoptera,Helodidae,Scirtes,Scirtes
Gastropoda,Planorbidae,Planorbis,Planorbis
Trichoptera,Goeridae,Silo,Silo
Gastropoda,Physidae,Aplexa,Aplexa hypnorum
Plecoptera,Leuctridae,Leuctra,Leuctra
Trichoptera,Limnephilini,Anabolia,Anabolia
Oligochaeta,Tubificidae,Peloscolex,Peloscolex
Diptera,Ceratopogonidae,Ceratopogonidae,Ceratopogon vermiformis
Plecoptera,Perlodidae,Isoperla,Isoperla
Plecoptera,Capniidae,Capnia,Capnia bifrons
Plecoptera,Leuctridae,Leuctra,Leuctra fusca
Gastropoda,Planorbidae,Anisus,Anisus
Brachycera,Syrphidae,Chrysogaster,Chrysogaster
Diptera,Culicidae,Culicidae,Culicidae
Coleoptera,Hydrochidae,Hydrochus,Hydrochus
Coleoptera,Noteridae,Noterus,Noterus crassicornis
Coleoptera,Haliplidae,Haliplus,Haliplus confinis
Diptera,Psychodidae,Satchelliella,Satchelliella
Diptera,Tabanidae,Chrysops,Chrysops
Lepidoptera,Pyralidae,Pyralidae,Pyralidae
Chironomidae,Orthocladiinae,Epoicocladius,Epoicocladius ephemerae
Coleoptera,Dryopidae,Dryops,Dryops
Diptera,Athericidae,Chrysophilus,Chrysophilus auratus
Cladocera,Cladocera,Cladocera,Cladocera
Chironomidae,Chironomini,Paratendipes,Paratendipes albimanus
Chironomidae,Orthocladiinae,Paratrichocladius,Paratrichocladius rufiventris
Chironomidae,Orthocladiinae,Orthocladius,Orthocladius obumbratus
Brachycera,Scatophagidae,Scatophagidae,Scatophagidae
Odonata,Aeshnidae,Brachytron,Brachytron pratense
Trichoptera,Hydroptilidae,Hydroptilidae,Hydroptilidae
Chironomidae,Orthocladiinae,Eukiefferiella,Eukiefferiella brevicalcar
Diptera,Simuliidae,Simulium,Simulium rostratum
Diptera,Simuliidae,Simulium,Simulium latipes
Diptera,Psychodidae,Clytocerus,Clytocerus ocellaris
Coleoptera,Hydrophilinae,Chaetarthria,Chaetarthria seminulum
Cladocera,Cladocera,Cladocera,Cladocera
Nemertini,Nemertini,Nemertini,Nemertini
Plecoptera,Taeniopterygidae,Brachyptera,Brachyptera
Gastropoda,Acroloxidae,Acroloxus,Acroloxus
Ephemeroptera,Siphlonuridae,Siphlonurus,Siphlonurus aestivalis
Heteroptera,Corixidae,Callicorixa,Callicorixa
Coleoptera,Dytiscidae,Ilybius,Ilybius
Coleoptera,Dytiscidae,Ilybius,Ilybius ater
Trichoptera,Stenophylachini,Stenophylax,Stenophylax permistus
Coleoptera,Hydrophilinae,Cymbiodyta,Cymbiodyta marginella
Gastropoda,Planorbidae,Gyraulus,Gyraulus
Oligochaeta,Lumbriculidae,Stylodrilus,Stylodrilus
Coleoptera,Helodidae,Elodes,Elodes marginata
Diptera,Tipulidae,Tipula,Tipula lateralis
Trichoptera,Goeridae,Goera,Goera
Coleoptera,Haliplidae,Haliplidae,Haliplidae
Diptera,Diptera,Diptera,Diptera
Brachycera,Syrphidae,Syrphidae,Syrphidae
Trichoptera,Phryganeidae,Phryganea,Phryganea
Chironomidae,Orthocladiinae,Cricotopus,Cricotopus bicinctus
Chironomidae,Tanytarsini,Rheotanytarsus,Rheotanytarsus curtistylus
Coleoptera,Elmidae,Elmis,Elmis
Diptera,Stratiomyiidae,Beris,Beris
Diptera,Ceratopogonidae,Forcipomyia,Forcipomyia
Chironomidae,Tanytarsini,Micropsectra,Micropsectra notescens
Oligochaeta,Haplotaxidae,Haplotaxis,Haplotaxis gordioides
Diptera,Culicidae,Aedes,Aedes annulipes
Coleoptera,Hydraenidae,Ochthebius,Ochthebius dilatatus
Diptera,Chaoboridae,Chaoborus,Chaoborus
Copepoda,Branchiura,Argulus,Argulus foliaceus
Oligochaeta,Tubificidae,Tubifex,Tubifex ignotus
Chironomidae,Chironomini,Phaenopsectra,Phaenopsectra
Chironomidae,Tanytarsini,Micropsectra,Micropsectra atrofasciata
Chironomidae,Orthocladiinae,Nanocladius,Nanocladius rectinervis
Nematomorpha,Gordiidae,Gordius,Gordius aquaticus
Diptera,Limoniidae,Euphylidorea,Euphylidorea lineola
Coleoptera,Dytiscidae,Agabus,Agabus undulatus
Coleoptera,Hydroporinae,Hydroporus,Hydroporus erythrocephalus
Coleoptera,Hydrophilinae,Enochrus,Enochrus bicolor
Coleoptera,Helophorinae,Helophorus,Helophorus flavipes
Diptera,Simuliidae,Simulium,Simulium costatum
Coleoptera,Hydrophilinae,Helochares,Helochares
Coleoptera,Spaeridiinae,Cercyon,Cercyon tristis
Chironomidae,Tanytarsini,Tanytarsus,Tanytarsus usmaensis
Chironomidae,Orthocladiinae,Orthocladius,Orthocladius glabripennis
Gastropoda,Zonitidae,Zonitoides,Zonitoides nitidus
Coleoptera,Hydroporinae,Nebrioporus,Nebrioporus
Diptera,Limoniidae,Rhypholophus,Rhypholophus
Brachycera,Syrphidae,Eristalis,Eristalis
Coleoptera,Hydroporinae,Hydroporus,Hydroporus nigrita
Chironomidae,Tanypodinae,Xenopelopia,Xenopelopia
Coleoptera,Dytiscidae,Rhantus,Rhantus
Coleoptera,Dytiscidae,Colymbetes,Colymbetes
Coleoptera,Haliplidae,Haliplus,Haliplus furcatus
Chironomidae,Tanypodinae,Procladius,Procladius choreus
Coleoptera,Hydroporinae,Hygrotus,Hygrotus versicolor
Odonata,Libellulidae,Libellula,Libellula depressa
Coleoptera,Helophorinae,Helophorus,Helophorus minutus
Coleoptera,Hydrophilinae,Hydrochara,Hydrochara caraboides
Trichoptera,Limnephilini,Limnephilus,Limnephilus vittatus
Coleoptera,Haliplidae,Haliplus,Haliplus variegatus
Coleoptera,Dytiscinae,Dytiscus,Dytiscus marginalis
Coleoptera,Dytiscidae,Agabus,Agabus nebulosus
Trichoptera,Limnephilini,Colpotaulius,Colpotaulius incisus
Oligochaeta,Propappidae,Propappus,Propappus volki
Chironomidae,Tanytarsini,Micropsectra,Micropsectra recurvata
Coleoptera,Dytiscidae,Agabus,Agabus guttatus
Coleoptera,Dytiscidae,Agabus,Agabus neglectus
Chironomidae,Orthocladiinae,Psectrocladius,Psectrocladius sordidellus
Coleoptera,Haliplidae,Haliplus,Haliplus laminatus
Odonata,Corduliidae,Somatochlora,Somatochlora metallica
Chironomidae,Chironomini,Polypedilum,Polypedilum bicrenatum
Coleoptera,Haliplidae,Peltodytes,Peltodytes caesus
Coleoptera,Haliplidae,Haliplus,Haliplus fulvus
Odonata,Coenagrionidae,Ischnura,Ischnura elegans
Heteroptera,Corixidae,Corixa,Corixa
Heteroptera,Notonectidae,Notonecta,Notonecta maculata
